BookMakers,name,link,homepage,description,logo
1xstavka,1хСтавка,https://1xstavka.ru/line/football/1938952-fifa-world-cup-2022,https://1xstavka.ru/,"БК «1xСтавка» предлагает любителям спорта и активным болельщикам высокий уровень сервиса, а также огромный выбор самых разнообразных событий с высокими коэффициентами. БК «1хСтавка» — это более 850 пунктов приёма ставок (ППС) во всех регионах России.",https://1cupis.ru/upload/iblock/f60/f603070ea95f98f70820b8b2c352b41d.svg
AstraBet,Астрабет,,https://astrabet.ru/,"БК «Astrabet» предлагает своим клиентам интуитивно понятный интерфейс, широкую линию pre-match и live ставок на все официальные спортивные события и одни из самых высоких коэффициентов на рынке. Компания гарантирует оперативность и надежность ввода и вывода средств любым из множества доступных на сайте способов. БК «Astrabet» дорожит репутацией, поэтому имеет круглосуточную службу поддержки игроков, а также банковскую гарантию, которая даёт уверенность игрокам в получении выигрыша.",https://1cupis.ru/upload/iblock/979/xg4xab92bkakbz4fwglvda5c6x727hlc.svg
BaltBet,БалтБет,https://baltbet.ru/prematch,https://baltbet.ru/,"БК «Балтбет» – одна из старейших букмекерских компаний РФ. БК «Балтбет» предлагает широкий выбор игровых событий с высокими коэффициентами, а также различные программы лояльности. У каждого нашего клиента есть возможность воспользоваться не только нашим сайтом, но и мобильным приложением на платформах Android и IOS, в котором доступны для просмотра онлайн-трансляции ведущих спортивных событий РФ и Мира. Для игроков, предпочитающих более традиционный способ общения с букмекером, у нас действует постоянно растущая сеть пунктов приема ставок по всей России. Вот уже более 20 лет, нашими основными приоритетами в работе, являются: надежность, честность и комфорт клиента.",https://1cupis.ru/upload/iblock/b56/5uuas2tjnjdo6gt2ph1p8osisn310a52.svg
BetCity,БЕТСИТИ,https://betcity.ru/ru/line/bets?chmp%5B%5D=167030,https://betcity.ru/,"БК «БЕТСИТИ» — российская букмекерская компания, основанная в 2003 г. и осуществляющая деятельность по организации и проведению азартных игр в букмекерских конторах и тотализаторах. Компания предоставляет своим клиентам одну из самых широких линий, благодаря наличию собственного штата профессиональных аналитиков. Клиентами компании являются как весьма опытные «гуру» беттинга, так и начинающие игроки. Помимо основной деятельности БК «БЕТСИТИ» принимает активное участие в поддержке детских спортивных секций и школ, а также занимается благотворительностью в детских домах и интернатах.",https://1cupis.ru/upload/iblock/7b9/vttvcqqv9a26ww2rc50gog2lmqu36p5n.svg
ZenitBet,Зенит,https://zenitnow199.top/ru/line/popular/l_1048_champions-tournament,https://zenit.win/,"БК «Зенит» — российская букмекерская компания. БК «Зенит» имеет широкую сеть букмекерских клубов по всей России, большой опыт и долгую историю. Компания предлагает любителям спорта высокие коэффициенты, качественный сервис и огромный выбор спортивных событий.",https://1cupis.ru/upload/iblock/f98/vzwt55r91382uokm1role3jcyiy6f4q9.svg
LeonBet,ЛЕОН,https://0803.info/bets/soccer/world/1970324836989529-world-cup-2022,https://leon.ru/,"БК «Леон» предлагает тысячи спортивных событий с высокими коэффициентами для пари, быстрые выплаты и расчет ставок, а также удобное мобильное приложение для iOS и Android. БК «Леон» — это проверенный букмекер с круглосуточной службой поддержки и регулярными акциями, бонусами и фрибетами, которые доступны как для новичков, так и для действующих клиентов.",https://1cupis.ru/upload/iblock/e08/blk5te1bxcahx7l1xd40d8f0obrk1qsv.svg
LigaStavok,Лига Ставок,https://www.ligastavok.ru/bets/my-line/soccer/chm-2022-katar-id-1608/chm-2022-gruppovoi-etap-id-16538,https://www.ligastavok.ru/,"БК «Лига Ставок» предлагает любителям спорта и активным болельщикам качественно новый уровень сервиса, а также широкий выбор разнообразных событий. Деятельность компании направлена на развитие букмекерского бизнеса в России, поддержку отечественного спорта и создание новой сферы развлечений. Сегодня БК «Лига Ставок» — это 500 клубов более чем в 120 городах Российской Федерации.",https://1cupis.ru/upload/iblock/588/kxtmw3ulem7cvav5hsl3302gm1zg1hta.svg
MarathonBet,Марафон,https://www.marathonbet.ru/su/popular/Football/Internationals+-+4410142,https://www.marathonbet.ru/,"БК «Марафон» — российская букмекерская компания, оказывающая услуги по заключению соглашений о выигрыше. БК «Марафон» радует клиентов лучшими коэффициентами с маржей 0%, подтверждая свой главный принцип: «Выше коэффициенты – больше выигрыши!». Почти 25 лет на рынке позволяют гордиться надежной репутацией, и сегодня БК «Марафон» - это интересные акции, программа лояльности для активных игроков, удобное мобильное приложение, грамотная служба поддержки и многое другое.",https://1cupis.ru/upload/iblock/d9c/otnrry0lz35sjft5ah359bnkaybwir4f.svg
MelBet,МелБет,https://melbet-34874.top/ru/line/football/1938952-fifa-world-cup-2022,https://www.melbet.ru/,"БК «МЕЛБЕТ» предлагает любителям спорта и активным болельщикам качественно новый уровень сервиса, большой выбор разнообразных событий, высокие коэффициенты и огромный фрибет. Для постоянных игроков БК «МЕЛБЕТ» приготовила надежное прикрытие - кэшбек. Сервис БК «МЕЛБЕТ» всегда доступен и безопасен, поскольку игра с ним законна на 100%.",https://1cupis.ru/upload/iblock/63d/pyducnc8y0sd1oicr66wp8mcvdrw7noq.svg
Tennisi,Тенниси,https://tennisi.bet/?utm_source=bets-sites&utm_campaign=betonmobile_rating_betonmob_native-news_0_a7273&utm_medium=cpe,https://tennisi.bet/,"БК «Tennisi.bet» — одна из крупнейших и опытнейших российских букмекерских компаний, основанная в 1999 году. В настоящее время управляет 44 клубами и пунктами приема ставок более чем в 19 городах России. Холдинг также успешно работает в Казахстане и Таджикистане, занимая лидирующие позиции среди букмекеров. Гордость БК — собственный аналитический отдел, вот уже более 15 лет задающий тренды на рынке СНГ. Как следствие, уникальная линия с множеством событий, разнообразием котировок и эксклюзивными предложениями. Кредо БК «Tennisi.bet» — интересы клиентов и репутация компании превыше всего!",https://1cupis.ru/upload/iblock/8b1/09grc33y4hmzl0069rxczsekva07dg59.svg
FonBet,Фонбет,https://www.fon.bet/football-2022/,https://www.fon.bet/,"Букмекерская контора FON.BET – одна из старейших букмекерских компаний в России. Букмекерская контора FON.BET предлагает широкую линию спортивных событий для заключения пари, в том числе в формате «Лайв», а также возможность для зарегистрированных пользователей просмотра трансляций спортивных событий на сайте или в мобильном приложении FON.BET. Кроме того, Букмекерская контора FON.BET активно участвует в поддержке спорта, выступая спонсором ведущих российских и международных спортивных клубов.",https://1cupis.ru/upload/iblock/c99/3b6wpwf09otkes91r06ulc7ldvpnay9q.svg
BetBoom,BetBoom,https://betboom.ru/sport/football,https://betboom.ru/,БК «BetBoom» предлагает ставки на спорт с высокими коэффициентами. БК «BetBoom» носит почётное звание лучшего букмекера 2021 года по версии премии «Спорт и Россия». Делать ставки с BetBoom просто и комфортно.,https://1cupis.ru/upload/iblock/8b9/9brksl1zjjamsgl2y9qhba0dr4j5koyf.svg
OlympBet,OLIMPBET,https://www.olimp.bet/line/1/8100344,https://www.olimp.bet/,"БК «Олимп» позиционирует себя как «народный букмекер», поэтому старается всегда действовать в интересах игроков. БК «Олимп» постоянно работает над улучшением сервисов и гордится своим сайтом и мобильным приложением. БК «Олимп» нашел признание не только у клиентов, но и в профессиональном сообществе. Контора не раз становилась лауреатом отраслевой премии РБ, в том числе в престижных номинациях «Самый надежный букмекер» и «Лучшее мобильное приложение».",https://1cupis.ru/upload/iblock/496/c4samck0uuaueyietx2z12ofcyg2anfa.svg
Pari,PARI,https://www.pari.ru/sports/?source=4&featured=92,https://www.pari.ru/,"БК «Pari» — российская компания, представляющая на отечественном рынке один из старейших в СНГ букмекерских брендов. Постоянное совершенствование технологий предоставления услуг гарантирует клиентам Pari надежность и безопасность, быстрые выплаты и расчёт ставок, а также поддержку клиентов в режиме 24/7. Ежедневно компания предлагает клиентам широкую линию для pre-match и live ставок на самые разнообразные события из мира спорта, шоу-бизнеса и политики с высокими коэффициентами.",https://1cupis.ru/upload/iblock/145/aticjcyh0g3yp6uisxl58r1eufgsee16/pari_transparent.svg
SportBet,SportBet,https://sportbet.ru/sport?lc=1&lsc=2490&from_left_menu=&ss=all,https://sportbet.ru/,"БК «СпортБет» гарантирует клиентам максимально удобные условия для совершения ставок, качественно новый уровень клиентской поддержки 24/7, отличается инновационным подходом к сопровождению клиентов на всех этапах взаимодействия с сайтом. Букмекерская компания «СпортБет» — это новый уровень по организации и проведению азартных игр с помощью передовых технологий для беттинга.",https://1cupis.ru/upload/iblock/45f/xoq6j8d1pgx3uwejk0rnpcagm6833hto.svg
WinLine,Winline,https://winline.ru/stavki/sport/futbol/mezhdunarodnye_/mezhdunarodnye/chempionat_mira_2022/,https://winline.ru/,"БК «Winline» — российская букмекерская контора, осуществляющая деятельность по организации и проведению азартных игр в букмекерских конторах и тотализаторах на территории РФ. Задача БК «Winline» — максимальное упрощение и удобная игра наших клиентов. Использование современных технологий позволило БК «Winline» сделать максимально простой и быстрый сайт. Теперь Вам не придется разбираться в сложных меню и интерфейсах. Сделать ставку на Winline легко и просто!",https://1cupis.ru/upload/iblock/dd8/ddd1qdx02eqn032au45wrz2kq2n2ovtk/Logo_Winline_RGB_01.svg